{
    "nav.xentrader.txt": {
        "global_cache": false,
        "version_id": 4000010,
        "version_string": "4.0.0 Alpha",
        "hash": "dfe584b8e4b0e496223e427a41ccda85"
    },
    "option_group.xentrader.txt": {
        "global_cache": false,
        "version_id": 4000010,
        "version_string": "4.0.0 Alpha",
        "hash": "d6d5f915cb6563638ec7723dbef4cce4"
    },
    "option_group_description.xentrader.txt": {
        "global_cache": false,
        "version_id": 4000010,
        "version_string": "4.0.0 Alpha",
        "hash": "d41d8cd98f00b204e9800998ecf8427e"
    },
    "style_prop_group.xentrader.txt": {
        "global_cache": false,
        "version_id": 4000010,
        "version_string": "4.0.0 Alpha",
        "hash": "dfe584b8e4b0e496223e427a41ccda85"
    },
    "style_prop_group_desc.xentrader.txt": {
        "global_cache": false,
        "version_id": 4000010,
        "version_string": "4.0.0 Alpha",
        "hash": "d41d8cd98f00b204e9800998ecf8427e"
    },
    "xentrader_buyer.txt": {
        "global_cache": false,
        "version_id": 4000010,
        "version_string": "4.0.0 Alpha",
        "hash": "65fba9ec06765f60ab9510fff2bd2b16"
    },
    "xentrader_feedback.txt": {
        "global_cache": false,
        "version_id": 4000010,
        "version_string": "4.0.0 Alpha",
        "hash": "bea4c2c8eb82d05891ddd71584881b56"
    },
    "xentrader_feedback_counts.txt": {
        "global_cache": false,
        "version_id": 4000010,
        "version_string": "4.0.0 Alpha",
        "hash": "c262f7bba108ab5c668665ff33f698b4"
    },
    "xentrader_feedback_received.txt": {
        "global_cache": false,
        "version_id": 4000010,
        "version_string": "4.0.0 Alpha",
        "hash": "e073917cd25b193bb4c2a12f02cbde93"
    },
    "xentrader_give_feedback.txt": {
        "global_cache": false,
        "version_id": 4000010,
        "version_string": "4.0.0 Alpha",
        "hash": "70aaba87e569caaf0a02a08c79916a85"
    },
    "xentrader_how_would_you_rate_experience.txt": {
        "global_cache": false,
        "version_id": 4000010,
        "version_string": "4.0.0 Alpha",
        "hash": "9bbfc07dd34e1b4bbf6701c921537919"
    },
    "xentrader_negative.txt": {
        "global_cache": false,
        "version_id": 4000010,
        "version_string": "4.0.0 Alpha",
        "hash": "ffb9356ff2b7da85c75c92fa7ea03b8b"
    },
    "xentrader_negative_feedback.txt": {
        "global_cache": false,
        "version_id": 4000010,
        "version_string": "4.0.0 Alpha",
        "hash": "dda727076862df642b4f456463d16e6c"
    },
    "xentrader_neutral.txt": {
        "global_cache": false,
        "version_id": 4000010,
        "version_string": "4.0.0 Alpha",
        "hash": "e9bb5320b3890b6747c91b5a71ae5a01"
    },
    "xentrader_neutral_feedback.txt": {
        "global_cache": false,
        "version_id": 4000010,
        "version_string": "4.0.0 Alpha",
        "hash": "72410617422ac55097e9fce192505b21"
    },
    "xentrader_positive.txt": {
        "global_cache": false,
        "version_id": 4000010,
        "version_string": "4.0.0 Alpha",
        "hash": "3289297424e01eda5b788c083bbf3147"
    },
    "xentrader_positive_feedback.txt": {
        "global_cache": false,
        "version_id": 4000010,
        "version_string": "4.0.0 Alpha",
        "hash": "c513272b77d76aa1172de56ce347d504"
    },
    "xentrader_rating.txt": {
        "global_cache": false,
        "version_id": 4000010,
        "version_string": "4.0.0 Alpha",
        "hash": "dda9c06f33071c9b6fc237ee164109d8"
    },
    "xentrader_rebuild_feedback_count.txt": {
        "global_cache": false,
        "version_id": 4000010,
        "version_string": "4.0.0 Alpha",
        "hash": "f66cf917a4bb2571637ae17c3eb62812"
    },
    "xentrader_seller.txt": {
        "global_cache": false,
        "version_id": 4000010,
        "version_string": "4.0.0 Alpha",
        "hash": "1e62e6ce22608229f9e7d30baae981ee"
    },
    "xentrader_tell_us_more.txt": {
        "global_cache": false,
        "version_id": 4000010,
        "version_string": "4.0.0 Alpha",
        "hash": "8606ce056b644904b1b90b02e0e3dec9"
    },
    "xentrader_total_feedback.txt": {
        "global_cache": false,
        "version_id": 4000010,
        "version_string": "4.0.0 Alpha",
        "hash": "ffc0881bcc7cadba783222624b50a7d6"
    },
    "xentrader_trader.txt": {
        "global_cache": false,
        "version_id": 4000010,
        "version_string": "4.0.0 Alpha",
        "hash": "1771895abd68a02faf9440de2c009077"
    },
    "xentrader_what_was_your_role_in_transaction.txt": {
        "global_cache": false,
        "version_id": 4000010,
        "version_string": "4.0.0 Alpha",
        "hash": "7dac108d7b221158b31fcefc9a3d3733"
    },
    "xentrader_your_role.txt": {
        "global_cache": false,
        "version_id": 4000010,
        "version_string": "4.0.0 Alpha",
        "hash": "fa1423cf4da0836fb9158eb8dedcbeac"
    }
}